Hidden Units,Val Accuracy,MSE,CE Loss,Val F1,Val ROC AUC
16,0.837 ± 0.016,0.11797146797180176,0.38612810969352723,0.780,0.899 ± 0.017
21,0.834 ± 0.014,0.11852359622716904,0.389825302362442,0.777,0.899 ± 0.014
32,0.837 ± 0.019,0.12083341181278229,0.3965859055519104,0.810,0.897 ± 0.019
64,0.831 ± 0.020,0.12275764346122742,0.3992135405540466,0.842,0.894 ± 0.014
